time_ms,x,y,z,speed_kmh
0,171.199997,90.209999,688.000000,0.0000
100,171.255402,90.096947,688.000000,9.0425
200,171.467743,90.007347,688.000427,10.8042
300,171.838074,90.008141,688.000549,16.4600
400,172.367233,90.008659,688.000549,22.1743
500,173.055527,90.010773,688.000549,27.8528
600,173.901215,90.011566,688.000549,33.5465
700,174.902908,90.008263,688.000549,39.2101
800,176.055389,89.983337,688.000549,45.0122
900,177.364899,89.938316,688.000549,51.1076
1000,178.854218,89.880173,688.002930,57.5661
1100,180.533752,89.770294,688.036255,63.9393
1200,182.394501,89.669434,688.109558,70.2411
1300,184.416519,89.556267,688.230286,76.3963
1400,186.600677,89.446854,688.406250,82.4287
1500,188.966583,89.360054,688.678162,88.4055
1600,191.468582,89.366364,689.087585,94.0601
1700,194.091187,89.358284,689.601807,99.7766
1800,196.853836,89.333427,690.184631,102.4048
1900,199.631958,89.284195,690.791382,102.6098
2000,202.402054,89.172020,691.409912,103.0211
2100,205.209854,88.980385,692.040100,106.5840
2200,208.132248,88.711861,692.754028,111.3784
2300,211.172119,88.446068,693.615234,116.1560
2400,214.297424,88.245056,694.641846,120.6548
2500,217.522034,88.093201,695.775269,125.0775
2600,220.848663,88.024422,696.987000,129.1447
2700,224.269928,88.017998,698.254944,133.0778
2800,227.783112,88.015503,699.570435,136.9935
2900,231.392426,88.014908,700.929138,140.8836
3000,235.102768,88.018288,702.329224,144.8840
3100,238.918060,88.020813,703.768799,148.8492
3200,242.837158,88.019737,705.247070,152.7700
3300,246.856781,88.017937,706.763367,156.6374
3400,250.976395,88.017937,708.319153,160.6028
3500,255.183960,88.018806,709.908020,162.3791
3600,259.403046,88.019775,711.501038,162.3791
3700,263.643555,88.019508,713.101807,164.8331
3800,267.981232,88.017998,714.738953,168.8370
3900,272.418610,88.018150,716.417175,172.7653
4000,276.939362,88.019241,718.174316,176.6082
4100,281.536407,88.019539,720.034058,180.5367
4200,286.219421,88.018677,721.976196,184.5525
4300,290.995483,88.017761,723.981201,188.4691
4400,295.871552,88.018799,726.026428,192.2764
4500,300.889801,88.021332,727.998596,195.9646
4600,306.086121,88.024368,729.799133,199.9233
4700,311.454468,88.028206,731.380798,202.7419
4800,316.974213,88.030701,732.628174,204.9843
4900,322.632996,88.029785,733.493774,207.2517
5000,328.395294,88.020660,734.094788,209.7537
5100,334.239410,88.009506,734.560852,212.2859
5200,340.157623,88.012665,734.956360,214.8487
5300,346.148834,88.022484,735.277344,217.2250
5400,352.214233,88.027008,735.438293,219.6277
5500,358.350433,88.026932,735.424622,222.0570
5600,364.554810,88.019920,735.285156,224.5130
5700,370.813354,88.017670,734.908325,226.7695
5800,377.109772,88.025757,734.199646,229.2776
5900,383.425018,88.033836,733.153687,231.5820
6000,389.739777,88.030830,731.763306,233.9093
6100,396.047791,88.019554,730.092896,235.0818
6200,402.323456,88.011032,728.279846,235.0818
6300,408.578796,88.016388,726.393372,235.7882
6400,414.872375,88.025345,724.452942,238.1579
6500,421.227631,88.025688,722.472961,240.7921
6600,427.645416,88.019737,720.465698,243.2120
6700,434.127563,88.016357,718.435120,245.6564
6800,440.675262,88.018738,716.380798,248.1253
6900,447.289185,88.022293,714.303284,250.6190
7000,453.969360,88.022507,712.203369,253.1377
7100,460.734497,88.020203,710.149536,255.6818
7200,467.633362,88.026306,708.337952,257.9933
7300,474.698883,88.042892,706.978699,260.0656
7400,481.903503,88.045021,706.081543,262.6793
7500,489.208923,88.023300,705.490112,265.0540
7600,496.594635,88.007500,705.061279,267.4503
7700,504.054565,88.019020,704.721985,270.1382
7800,511.586243,88.027863,704.425293,272.5805
7900,519.162720,87.928459,704.142090,273.6729
8000,526.731567,87.592896,703.861938,273.1262
8100,534.278198,87.009094,703.581787,273.1262
8200,541.803467,86.177734,703.303467,273.3994
8300,549.306213,85.099495,703.025146,273.6729
8400,556.788147,83.775085,702.748291,274.4952
8500,564.247681,82.205177,702.473572,275.5954
8600,571.686035,80.390564,702.199951,276.9768
8700,579.102661,78.331810,701.927124,278.3651
8800,586.497070,76.029633,701.654907,280.3206
8900,593.871094,73.484764,701.383911,282.5721
9000,601.223145,70.697922,701.113037,284.8417
9100,608.553101,67.669838,700.843872,287.4170
9200,615.862671,64.401207,700.574707,290.3055
9300,623.150574,60.892677,700.307007,293.2231
9400,630.416565,57.145000,700.039673,296.4663
9500,637.662170,53.158836,699.773315,300.0454
9600,644.886414,48.934895,699.507812,303.6676
9700,652.089050,44.473866,699.242737,307.3336
9800,659.270081,39.776459,698.979065,311.3551
9900,666.548828,35.040768,698.745056,314.7989
10000,674.443787,30.871111,698.611145,321.4795
10100,682.710266,27.307795,698.456116,325.3606
10200,691.560059,24.976793,698.294495,329.6179
10300,700.774353,24.022152,698.122437,331.9333
10400,710.034424,24.026686,697.944519,334.2649
10500,719.343933,24.017776,697.758972,336.6130
10600,728.735779,24.029011,697.572632,339.3167
10700,738.200989,24.027090,697.328979,341.7002
10800,747.692688,24.026134,696.894226,341.7002
10900,757.170471,24.024879,696.261536,342.3843
11000,766.689880,24.022678,695.522827,344.7893
11100,776.276855,24.019230,694.724854,347.2113
11200,785.928955,24.020800,693.888916,350.0003
11300,795.648010,24.022985,693.029724,352.4588
11400,805.435608,24.022415,692.158630,354.9347
11500,815.292236,24.020502,691.280579,357.4279
11600,825.218140,24.019926,690.395935,359.9387
11700,835.213013,24.021036,689.502014,362.4671
11800,845.275940,24.022003,688.590759,364.6485
11900,855.388977,24.023447,687.509888,367.2100
12000,865.507690,24.038490,685.979736,369.4199
12100,875.586731,24.051229,683.868042,372.0149
12200,885.619263,24.041458,681.263428,374.2537
12300,895.578003,24.026014,678.162476,376.5060
12400,905.424988,24.025066,674.531006,378.7718
12500,915.105103,24.039549,670.317871,381.0513
12600,924.520996,24.056530,665.414062,383.3445
12700,933.584167,24.061348,659.773926,385.2659
12800,942.212402,24.054712,653.389404,387.5844
12900,950.328369,24.048410,646.275879,389.5273
13000,957.859131,24.049732,638.465820,391.4798
13100,964.743652,24.055454,630.005676,393.8358
13200,970.928284,24.058531,620.951111,395.8097
13300,976.361450,24.056770,611.360413,397.7938
13400,980.994629,24.053745,601.294373,399.7878
13500,984.785461,24.053200,590.823242,401.7917
13600,987.696777,24.055132,580.027710,403.4020
13700,989.702576,24.056870,568.984985,405.0190
13800,990.883789,24.050352,557.775879,406.6424
13900,991.516785,24.029819,546.469116,408.6805
14000,991.861511,24.008780,535.094849,410.3185
14100,992.052490,24.013882,523.664368,412.3753
14200,992.167847,24.026382,512.176880,414.4422
14300,992.247375,24.029005,500.632843,416.5197
14400,992.310730,24.021746,489.035217,418.1892
14500,992.366028,24.016182,477.383453,420.2854
14600,992.414246,24.018293,465.677185,422.3919
14700,992.460632,24.023218,453.916199,424.0850
14800,992.500671,24.024326,442.100464,426.2108
14900,992.390381,24.022848,430.232727,427.9189
15000,991.934998,24.032551,418.321167,430.0639
15100,991.195374,24.032166,406.368988,431.7877
15200,990.286316,24.018728,394.373138,433.9519
15300,989.106445,24.014149,382.348724,435.6912
15400,987.611511,24.022701,370.305786,437.4375
15500,985.811279,24.032074,358.252106,439.6301
15600,983.561646,24.037937,346.222168,441.3922
15700,980.927368,24.030960,334.216187,443.1614
15800,978.083984,24.014380,322.202057,445.3826
15900,975.112183,24.013105,310.164368,447.1678
16000,971.892517,24.024632,298.136719,448.9601
16100,968.132324,24.046177,286.215485,450.7594
16200,963.627380,24.066620,274.506653,452.5662
16300,958.289429,24.068279,263.104919,453.9258
16400,952.083252,24.056562,252.101181,455.7452
16500,945.007141,24.049810,241.583344,457.1144
16600,937.085083,24.054468,231.631699,458.4879
16700,928.361694,24.062757,222.316498,460.3254
16800,918.888184,24.065258,213.701447,461.7086
16900,908.722046,24.061485,205.847641,463.0957
17000,897.920044,24.057606,198.813858,464.9518
17100,886.549072,24.057848,192.652786,466.3487
17200,874.680359,24.060804,187.409119,467.7499
17300,862.389282,24.062696,183.120605,469.1552
17400,849.753540,24.062063,179.819733,471.0357
17500,836.852844,24.059689,177.524017,472.4508
17600,823.779541,24.048094,176.075500,474.3445
17700,810.606201,24.024502,175.133560,476.2458
17800,797.361938,24.007898,174.453812,478.1544
17900,784.057373,24.017368,173.912338,480.0710
18000,770.694824,24.029139,173.437042,481.9950
18100,757.276367,24.028568,172.991653,483.9269
18200,743.803040,24.020233,172.560730,485.8665
18300,730.273376,24.016897,172.229980,487.8138
18400,716.686279,24.025837,172.124069,489.7690
18500,703.044067,24.028879,172.182373,491.7319
18600,689.347961,24.022207,172.319580,493.7028
18700,675.598022,24.017879,172.501083,495.6816
18800,661.793823,24.021648,172.711258,497.6683
18900,647.934937,24.024288,172.936050,499.6630
19000,634.016235,24.186234,173.165909,500.6633
19100,620.347107,26.786789,173.390991,496.6740
19200,607.658508,32.214893,173.622284,492.2241
19300,595.598511,38.557491,173.856522,486.8392
19400,583.572632,44.628296,174.090057,481.5132
19500,571.585876,50.448658,174.312561,477.1992
19600,559.744934,56.200424,174.507996,473.8704
19700,548.036804,62.056576,174.724670,471.0357
19800,536.338989,67.869690,174.914032,468.2180
19900,524.738098,73.672455,175.080276,464.9519
20000,513.228821,79.444916,175.249786,462.1705
20100,501.770386,85.078011,175.420761,457.5717
20200,490.345551,90.447723,175.591217,452.1138
20300,478.954010,95.552353,175.760574,447.1678
20400,467.596649,100.392632,175.929184,442.2758
20500,456.272369,104.969337,176.097427,437.8752
20600,444.981537,109.283165,176.265182,433.0849
20700,433.724213,113.335159,176.431656,428.7758
20800,422.500031,117.126167,176.597931,424.5093
20900,411.308777,120.656586,176.763290,420.7059
21000,400.150635,123.927116,176.928040,416.9364
21100,389.025513,126.938522,177.092224,413.2009
21200,377.932983,129.691544,177.255905,409.9085
21300,366.873718,132.187073,177.419128,406.6424
21400,355.846436,134.425568,177.581284,403.8056
21500,344.852173,136.407730,177.742996,400.9889
21600,333.890259,138.134903,177.904129,398.5901
21700,322.960602,139.607300,178.064774,396.2059
21800,312.063782,140.825668,178.224976,393.8358
21900,301.198456,141.790771,178.384735,391.8715
22000,290.365540,142.503387,178.544037,390.3070
22100,279.565155,142.964264,178.702148,388.7491
22200,268.796051,143.174149,178.859818,387.1971
22300,258.059143,143.133804,179.017059,386.0373
22400,247.354019,142.843964,179.173874,385.2659
22500,236.680801,142.305374,179.330124,384.4962
22600,226.038956,141.518799,179.485901,384.1119
22700,215.428864,140.484955,179.641251,383.7280
22800,204.850128,139.204620,179.796188,383.7280
22900,194.302887,137.678513,179.950607,383.7280
23000,183.786850,135.907349,180.104507,384.1119
23100,173.302139,133.891968,180.257996,384.8809
23200,162.848434,131.632904,180.411072,385.6513
23300,152.425995,129.131027,180.563660,386.4235
23400,142.034256,126.386879,180.715729,387.5845
23500,131.673645,123.401207,180.867386,389.1380
23600,121.343880,120.174774,181.018570,390.3071
23700,111.044678,116.708183,181.168716,392.2635
23800,100.842239,113.042366,181.317322,391.0886
23900,90.273727,112.257408,181.574402,372.7596
24000,79.788307,112.687943,182.166550,374.6281
24100,69.303833,112.912064,182.416016,376.1297
24200,58.802174,112.996513,182.211090,377.6371
24300,48.336803,113.273376,181.703415,378.7718
24400,37.940529,113.639046,181.364059,379.5301
24500,27.559633,113.908401,181.130035,378.7718
24600,17.136797,114.199402,180.868057,372.0149
24700,6.995215,114.257149,180.551743,359.2197
24800,-2.816369,114.053795,180.237137,347.2113
24900,-12.299957,113.611717,179.932968,335.9403
25000,-21.466164,112.938850,179.638885,325.3606
25100,-30.326164,112.043594,179.354523,315.4291
25200,-38.889343,110.933044,179.079544,305.8008
25300,-47.164986,109.614128,178.813675,297.0599
25400,-55.162422,108.093872,178.556595,288.5689
25500,-62.890755,106.379143,178.308090,280.8817
25600,-70.358734,104.476486,178.067856,273.6729
25700,-77.574913,102.392311,177.835571,266.9160
25800,-84.547554,100.132820,177.611038,260.5863
25900,-91.284546,97.703949,177.393997,254.6611
26000,-97.793648,95.111511,177.184204,249.3690
26100,-104.082405,92.361115,176.981415,244.4312
26200,-110.158104,89.458168,176.785370,240.0707
26300,-116.027809,86.407967,176.595932,236.0241
26400,-121.698364,83.215508,176.412811,232.2777
26500,-127.176369,79.885742,176.235840,229.0485
26600,-132.468246,76.423347,176.064835,226.0901
26700,-137.580276,72.832970,175.899490,223.3932
26800,-142.518417,69.118904,175.739761,221.1705
26900,-147.288528,65.285645,175.585449,219.1889
27000,-151.896317,61.337059,175.436218,217.4423
27100,-156.347198,57.277260,175.292160,215.9256
27200,-160.647034,53.110428,175.152771,214.8487
27300,-164.800812,48.840286,175.018143,213.7771
27400,-168.812775,44.469944,174.888092,212.9237
27500,-172.687958,40.002827,174.762421,212.4983
