time_ms,vx,vy,vz
0,0.000000,0.000000,0.000000
100,1.430796,-2.064453,0.000000
200,2.992903,-0.222515,0.000000
300,4.572225,0.000000,0.000000
400,6.159527,0.000000,0.000000
500,7.736892,0.000000,0.000000
600,9.318485,0.000000,0.000000
700,10.891689,0.000000,0.000000
800,12.499567,-0.309264,0.000000
900,14.192224,-0.351144,0.000000
1000,15.969798,-0.790733,0.197774
1100,17.733753,-0.878074,0.439306
1200,19.463703,-0.963732,0.964912
1300,21.154705,-1.047461,1.311532
1400,22.777899,-0.563571,2.261899
1500,24.279654,-0.600727,3.631436
1600,25.671572,-0.635166,4.819656
1700,27.174784,0.000000,5.449090
1800,27.819292,0.000000,5.937153
1900,27.866455,-0.689472,5.949038
2000,27.952467,-1.384047,5.972883
2100,28.796497,-2.140944,6.537095
2200,29.914124,-2.224037,7.575417
2300,30.769476,-2.287630,9.437774
2400,31.758242,-1.572487,10.593037
2500,32.670998,-0.808346,11.793287
2600,33.743694,0.000000,12.176774
2700,34.771343,0.000000,12.547611
2800,35.631981,0.000000,13.358542
2900,36.643780,0.000000,13.737868
3000,37.684303,0.000000,14.127964
3100,38.715633,0.000000,14.514614
3200,39.735443,0.000000,14.896942
3300,40.741352,0.000000,15.274062
3400,41.772732,0.000000,15.660729
3500,42.234764,0.000000,15.833946
3600,42.234764,0.000000,15.833946
3700,42.873055,0.000000,16.073242
3800,43.914463,0.000000,16.463671
3900,44.936203,0.000000,16.846724
4000,45.719231,0.000000,17.788280
4100,46.507729,0.000000,18.760611
4200,47.301407,0.000000,19.764462
4300,48.305237,0.000000,20.183901
4400,49.531975,0.000000,19.980553
4500,51.202770,0.000000,18.477068
4600,53.105450,0.000000,16.243946
4700,54.602901,0.000000,13.789515
4800,56.088585,0.000000,9.810473
4900,57.213593,0.000000,6.395241
5000,58.104546,0.000000,4.319921
5100,58.855583,0.000000,3.644416
5200,59.566109,0.000000,3.688413
5300,60.298748,0.000000,2.238438
5400,61.007698,0.000000,0.000000
5500,61.677780,0.000000,-0.762899
5600,62.321804,0.000000,-2.313539
5700,62.755573,0.000000,-5.446953
5800,63.099689,0.000000,-8.638283
5900,63.224396,0.000000,-11.866302
6000,63.188923,0.000000,-15.128995
6100,62.897903,0.000000,-17.550232
6200,62.676029,0.000000,-18.326818
6300,62.632198,0.000000,-19.157999
6400,63.261642,0.000000,-19.350534
6500,63.961376,0.000000,-19.564569
6600,64.604179,0.000000,-19.761190
6700,65.253479,0.000000,-19.959799
6800,65.909279,0.000000,-20.160395
6900,66.571686,0.000000,-20.363012
7000,67.240730,0.000000,-20.567661
7100,68.409592,0.000000,-19.088142
7200,69.896088,0.000000,-15.823444
7300,71.446220,0.000000,-10.682730
7400,72.693161,0.000000,-6.309499
7500,73.485367,0.000000,-4.550313
7600,74.240623,0.000000,-2.755995
7700,74.986740,0.000000,-2.783693
7800,75.664688,0.000000,-2.808860
7900,75.973747,-1.879742,-1.880318
8000,75.752365,-3.750825,-1.876561
8100,75.636414,-5.623369,-1.876561
8200,75.341064,-9.366352,-1.878438
8300,75.161461,-11.238237,-1.880318
8400,75.085434,-13.133219,-1.885967
8500,74.642029,-16.897854,-1.893526
8600,74.573174,-18.832844,-1.903018
8700,74.455894,-20.775227,-1.912557
8800,74.438507,-22.769323,-1.925992
8900,73.809509,-26.634949,-1.941461
9000,73.715492,-28.680969,-1.957055
9100,73.643372,-30.771210,-1.974748
9200,73.591965,-32.910786,-1.994594
9300,73.486641,-35.069927,-2.014641
9400,73.399673,-37.284721,-2.036923
9500,73.329704,-39.560711,-2.061514
9600,73.201935,-41.861717,-2.086401
9700,73.015068,-44.186592,-2.111589
9800,72.840607,-46.580685,-2.139219
9900,75.902649,-43.406166,-1.081523
10000,80.586662,-38.458263,-1.104475
10100,85.738342,-28.563236,-1.117809
10200,89.766624,-18.000011,-1.132435
10300,92.168427,-2.280431,-1.140390
10400,92.844276,0.000000,-1.148401
10500,93.496468,0.000000,-1.156468
10600,94.247429,0.000000,-1.165756
10700,94.887695,0.000000,-2.347711
10800,94.800598,0.000000,-4.693985
10900,94.924927,0.000000,-5.877879
11000,95.511208,0.000000,-7.101009
11100,96.182137,0.000000,-7.150890
11200,96.858139,0.000000,-8.406930
11300,97.538521,0.000000,-8.465984
11400,98.223679,0.000000,-8.525454
11500,98.913658,0.000000,-8.585341
11600,99.608482,0.000000,-8.645650
11700,100.308182,0.000000,-8.706381
11800,100.911850,0.000000,-8.758777
11900,101.223549,0.000000,-12.584045
12000,101.082047,0.000000,-17.680294
12100,100.787048,0.000000,-22.816702
12200,100.134369,0.000000,-27.940222
12300,99.223671,0.000000,-33.055794
12400,98.054085,0.000000,-38.150543
12500,95.527077,0.000000,-45.588257
12600,92.437073,0.000000,-52.861645
12700,88.705742,0.000000,-59.868259
12800,83.697281,0.000000,-67.719612
12900,78.839218,0.000000,-74.108398
13000,72.497261,0.000000,-81.052391
13100,65.609497,0.000000,-87.541405
13200,58.083611,0.000000,-93.352394
13300,51.257988,0.000000,-97.890182
13400,42.814861,0.000000,-102.466919
13500,33.963448,0.000000,-106.315636
13600,24.741770,0.000000,-109.290527
13700,15.259532,0.000000,-111.465614
13800,8.374884,0.000000,-112.645317
13900,5.607241,-0.277639,-113.383469
14000,2.818290,-0.069730,-113.942513
14100,2.825486,0.210067,-114.513664
14200,1.416884,0.140657,-115.114044
14300,1.430986,0.000000,-115.691071
14400,1.425746,-0.177248,-116.154785
14500,1.443923,0.000000,-116.737030
14600,1.447166,0.107593,-117.322128
14700,1.455194,0.072053,-117.792381
14800,1.464280,0.000000,-118.382828
14900,-2.939178,0.072721,-118.829994
15000,-7.380847,0.182616,-119.233826
15100,-8.890035,-0.219956,-119.610901
15200,-10.420234,-0.257816,-120.090683
15300,-14.926282,0.369304,-120.100807
15400,-16.475895,0.407644,-120.387558
15500,-21.034084,0.520422,-120.293236
15600,-25.590712,0.000002,-119.908592
15700,-28.654404,-0.708963,-119.716866
15800,-30.283476,-0.749269,-119.951416
15900,-31.891594,0.789057,-120.046822
16000,-34.989910,0.865715,-119.698891
16100,-42.488113,1.051234,-117.777069
16200,-49.882763,1.234191,-115.385872
16300,-58.473022,-1.446730,-111.703300
16400,-66.858452,-1.654201,-107.488281
16500,-76.127853,-1.883543,-101.606911
16600,-83.725800,-0.000007,-95.968689
16700,-92.078262,0.000008,-88.723518
16800,-98.668510,-2.441241,-81.897728
16900,-105.695160,-2.615093,-73.275864
17000,-111.279709,-2.753265,-65.496727
17100,-116.874802,-2.891698,-55.793076
17200,-121.051155,-2.995029,-47.112579
17300,-125.044922,-3.093842,-36.575020
17400,-127.922386,-3.165035,-27.309364
17500,-129.983810,-3.216039,-17.800095
17600,-131.359497,-3.250076,-9.769224
17700,-132.088211,-3.268106,-6.542257
17800,-132.729263,-0.000012,-4.927238
17900,-133.220505,3.296120,-4.946987
18000,-133.805588,3.310596,-3.311631
18100,-134.341888,-3.323866,-3.324904
18200,-134.880371,-3.337188,-3.338231
18300,-135.452011,3.351332,-1.675933
18400,-136.005325,3.365022,0.000000
18500,-136.592194,0.000012,0.000000
18600,-137.087234,-3.391791,1.696165
18700,-137.636703,3.405386,1.702964
18800,-138.188324,3.419034,1.709789
18900,-138.784668,-0.000012,1.716642
19000,-138.892349,6.877127,1.720079
19100,-131.920959,40.352077,1.706373
19200,-120.324913,64.914185,1.691085
19300,-119.008568,64.204033,1.672585
19400,-119.241310,60.570793,1.654287
19500,-118.172981,60.028118,1.639465
19600,-117.348656,59.609386,1.628029
19700,-116.646660,59.252796,1.618290
19800,-115.948883,58.898346,1.608610
19900,-115.140076,58.487499,1.597389
20000,-114.451294,58.137619,1.587833
20100,-113.312462,57.559128,1.572033
20200,-113.333321,54.085915,1.553282
20300,-113.382332,50.705269,1.536290
20400,-113.348076,47.361458,1.519483
20500,-112.220268,46.890217,1.504364
20600,-112.105759,43.617695,1.487906
20700,-112.024483,40.425217,1.473102
20800,-111.865814,37.267445,1.458444
20900,-111.743164,34.180080,1.445377
21000,-110.741951,33.873829,1.432427
21100,-110.546524,30.845507,1.419593
21200,-110.389015,27.877832,1.408282
21300,-110.159981,24.938597,1.397061
21400,-109.970573,22.051291,1.387315
21500,-109.711685,19.189695,1.377637
21600,-109.493813,16.371651,1.369396
21700,-109.208099,13.576657,1.361205
21800,-108.855392,10.806304,1.353062
21900,-108.312462,10.752407,1.346314
22000,-108.111954,8.037834,1.340939
22100,-107.845474,5.339869,1.335586
22200,-107.513618,2.660085,1.330254
22300,-107.191582,-2.652117,1.326270
22400,-106.879189,-5.292025,1.323619
22500,-106.502388,-7.918168,1.320975
22600,-106.167740,-10.539495,1.319655
22700,-105.768753,-13.149081,1.318336
22800,-105.411148,-15.761206,1.318336
22900,-104.989059,-18.363661,1.318336
23000,-104.607285,-20.975843,1.319655
23100,-104.264755,-23.604004,1.322297
23200,-103.856514,-26.228104,1.324944
23300,-103.382591,-28.846573,1.327597
23400,-103.693184,-28.933237,1.331585
23500,-103.358444,-31.615358,1.336922
23600,-102.852913,-34.264851,1.340939
23700,-102.485085,-36.982822,1.347661
23800,-102.178108,-36.872047,1.343624
23900,-103.441406,-2.559331,3.841175
24000,-103.904236,5.144722,2.573948
24100,-104.448502,2.584248,0.000000
24200,-104.835022,2.593812,-2.594622
24300,-105.053505,5.201628,-2.602418
24400,-105.287971,5.213237,-1.303913
24500,-105.174156,2.602202,-1.301308
24600,-103.274246,2.555195,-2.555993
24700,-99.722191,-2.467310,-2.468081
24800,-96.300110,-4.768211,-2.385576
24900,-93.031448,-6.916639,-2.308137
25000,-89.908356,-8.925391,-2.235447
25100,-86.923256,-10.806225,-2.167211
25200,-83.985046,-12.557548,-2.101058
25300,-81.257790,-14.212818,-2.041002
25400,-78.155762,-17.693312,-1.982663
25500,-75.624542,-19.098352,-1.929847
25600,-73.200829,-20.425037,-1.880318
25700,-70.321022,-23.427038,-1.833893
25800,-68.066681,-24.562578,-1.790403
25900,-65.904915,-25.642042,-1.749694
26000,-63.214645,-28.269974,-1.713333
26100,-61.258553,-29.234341,-1.679407
26200,-59.437164,-30.192188,-1.649448
26300,-56.895828,-32.536797,-1.621645
26400,-55.183598,-33.395489,-1.595904
26500,-53.585224,-34.267105,-1.573718
26600,-51.155666,-36.398880,-1.553392
26700,-49.640430,-37.203907,-1.534862
26800,-48.220409,-38.038082,-1.519590
26900,-45.865639,-40.014469,-1.505976
27000,-44.504387,-40.808895,-1.493975
27100,-43.187992,-41.614491,-0.741834
27200,-41.935284,-42.457188,-0.738134
27300,-40.668449,-43.264565,-0.734453
27400,-38.325466,-45.042313,-0.731521
27500,-37.125336,-45.884628,-0.730059
