time_ms,ghost_x,ghost_y,ghost_z,ghost_spd,sim_x,sim_y,sim_z,sim_spd,err_x,err_y,err_z,err_total
0,171.2,90.21,688,0,171.2,90.21,688,0,0,0,0,0
100,171.255,90.0969,688,9.0425,171.257,90.0776,688,11.7789,0.00195312,-0.0193787,0,0.0194768
200,171.468,90.0073,688,10.8042,171.471,90.0115,688,10.7702,0.00308228,0.00415039,-0.000427246,0.00518736
300,171.838,90.0081,688.001,16.46,171.839,90.0115,688,16.2938,0.00119019,0.00335693,-0.000549316,0.00360379
400,172.367,90.0087,688.001,22.1743,172.36,90.0115,688,21.7198,-0.00733948,0.00283813,-0.000549316,0.00788826
500,173.056,90.0108,688.001,27.8528,173.03,90.0115,688,27.0498,-0.0254669,0.000724792,-0.000549316,0.0254832
600,173.901,90.0116,688.001,33.5465,173.847,90.0115,688,32.2856,-0.0541229,-6.86646e-05,-0.000549316,0.0541258
700,174.903,90.0083,688.001,39.2101,174.809,90.0005,688,37.4572,-0.0943756,-0.00775146,-0.000549316,0.094695
800,176.055,89.9833,688.001,45.0122,175.915,89.9758,688,42.7194,-0.140884,-0.00750732,-0.000549316,0.141085
900,177.365,89.9383,688.001,51.1076,177.168,89.9477,688,48.1157,-0.196609,0.00939941,-0.000549316,0.196835
1000,178.854,89.8802,688.003,57.5661,178.573,89.8748,688,53.5549,-0.281235,-0.00540924,-0.00292969,0.281302
1100,180.534,89.7703,688.036,63.9393,180.127,89.7886,688.015,58.8955,-0.406433,0.0183029,-0.020813,0.407377
1200,182.395,89.6694,688.11,70.2411,181.827,89.6944,688.083,64.1433,-0.567062,0.0249252,-0.0263062,0.568219
1300,184.417,89.5563,688.23,76.3963,183.671,89.5922,688.188,69.3005,-0.745987,0.0358963,-0.0425415,0.748061
1400,186.601,89.4469,688.406,82.4287,185.654,89.4822,688.319,74.365,-0.946442,0.0353546,-0.0874023,0.951126
1500,188.967,89.3601,688.678,88.4055,187.753,89.3995,688.542,78.3271,-1.2139,0.0393982,-0.135986,1.22213
1600,191.469,89.3664,689.088,94.0601,189.957,89.3563,688.889,82.7288,-1.51175,-0.0100479,-0.198364,1.52474
1700,194.091,89.3583,689.602,99.7766,192.27,89.3537,689.312,86.9884,-1.82141,-0.00453949,-0.289307,1.84425
1800,196.854,89.3334,690.185,102.405,194.693,89.3462,689.785,91.1995,-2.16068,0.0127792,-0.399292,2.1973
1900,199.632,89.2842,690.791,102.61,197.229,89.3194,690.295,95.4339,-2.40335,0.0352173,-0.496826,2.45442
2000,202.402,89.172,691.41,103.021,199.879,89.2475,690.834,99.7253,-2.52344,0.0754395,-0.576111,2.58947
2100,205.21,88.9804,692.04,106.584,202.647,89.1254,691.401,104.195,-2.56294,0.144966,-0.639526,2.6455
2200,208.132,88.7119,692.754,111.378,205.534,88.9249,692.012,108.826,-2.59784,0.213089,-0.741699,2.71004
2300,211.172,88.4461,693.615,116.156,208.51,88.6665,692.794,113.316,-2.66194,0.220406,-0.821655,2.79457
2400,214.297,88.2451,694.642,120.655,211.568,88.4345,693.748,117.807,-2.7298,0.189423,-0.894104,2.87873
2500,217.522,88.0932,695.775,125.077,214.72,88.2275,694.806,122.131,-2.80159,0.134262,-0.969727,2.96771
2600,220.849,88.0244,696.987,129.145,217.973,88.0826,695.933,126.157,-2.87579,0.0582123,-1.05353,3.06325
2700,224.27,88.018,698.255,133.078,221.322,88.0249,697.113,129.9,-2.94745,0.00692749,-1.14172,3.16086
2800,227.783,88.0155,699.57,136.993,224.765,88.0129,698.335,133.451,-3.01801,-0.00260925,-1.23578,3.26121
2900,231.392,88.0149,700.929,140.884,228.298,88.0115,699.593,136.921,-3.09407,-0.00341034,-1.33661,3.37043
3000,235.103,88.0183,702.329,144.884,231.921,88.0115,700.884,140.342,-3.18158,-0.00679016,-1.44495,3.49433
3100,238.918,88.0208,703.769,148.849,235.633,88.0115,702.209,143.713,-3.28545,-0.00931549,-1.56018,3.63709
3200,242.837,88.0197,705.247,152.77,239.432,88.0115,703.565,147.037,-3.40565,-0.00823975,-1.68231,3.79852
3300,246.857,88.0179,706.763,156.637,243.317,88.0115,704.952,150.313,-3.54005,-0.00643921,-1.81158,3.97667
3400,250.976,88.0179,708.319,160.603,247.287,88.0115,706.369,153.542,-3.68933,-0.00643921,-1.94983,4.17289
3500,255.184,88.0188,709.908,162.379,251.341,88.0115,707.817,156.724,-3.84267,-0.00730896,-2.09106,4.37478
3600,259.403,88.0198,711.501,162.379,255.478,88.0115,709.294,159.861,-3.92482,-0.00827789,-2.20691,4.50275
3700,263.644,88.0195,713.102,164.833,259.697,88.0115,710.8,162.954,-3.94687,-0.00801086,-2.30139,4.56883
3800,267.981,88.018,714.739,168.837,263.996,88.0115,712.335,166.002,-3.98566,-0.00650024,-2.4035,4.65428
3900,272.419,88.0182,716.417,172.765,268.374,88.0115,713.899,169.006,-4.04492,-0.00665283,-2.51843,4.76486
4000,276.939,88.0192,718.174,176.608,272.819,88.0115,715.52,171.964,-4.12061,-0.00774384,-2.65393,4.90131
4100,281.536,88.0195,720.034,180.537,277.312,88.0115,717.245,174.881,-4.22394,-0.00804138,-2.78912,5.06171
4200,286.219,88.0187,721.976,184.553,281.866,88.0115,719.038,177.758,-4.35336,-0.00717926,-2.93829,5.25218
4300,290.995,88.0178,723.981,188.469,286.486,88.0115,720.879,180.594,-4.5094,-0.00626373,-3.10248,5.47358
4400,295.872,88.0188,726.026,192.276,291.176,88.0115,722.757,183.389,-4.69595,-0.00730133,-3.26978,5.72219
4500,300.89,88.0213,727.999,195.965,295.956,88.0115,724.568,184.19,-4.93405,-0.00983429,-3.43024,6.00928
4600,306.086,88.0244,729.799,199.923,300.824,88.0115,726.14,184.164,-5.26208,-0.0128708,-3.65942,6.40945
4700,311.454,88.0282,731.381,202.742,305.75,88.0115,727.517,184.127,-5.70438,-0.0167084,-3.8642,6.89001
4800,316.974,88.0307,732.628,204.984,310.709,88.9509,728.623,183.451,-6.26547,0.920212,-4.00555,7.49316
4900,322.633,88.0298,733.494,207.252,315.453,90.5249,729.647,190.553,-7.18048,2.49515,-3.84656,8.51945
5000,328.395,88.0207,734.095,209.754,320.266,92.4662,730.597,189.352,-8.12961,4.4455,-3.49774,9.9039
5100,334.239,88.0095,734.561,212.286,325.159,94.1131,731.547,188.74,-9.08002,6.10358,-3.01392,11.3483
5200,340.158,88.0127,734.956,214.849,330.133,95.4657,732.491,188.721,-10.0242,7.45305,-2.46515,12.7322
5300,346.149,88.0225,735.277,217.225,335.188,96.524,733.428,189.392,-10.9607,8.50156,-1.84955,13.9941
5400,352.214,88.027,735.438,219.628,340.323,97.2881,734.352,190.549,-11.8909,9.26106,-1.08624,15.1109
5500,358.35,88.0269,735.425,222.057,345.538,97.7578,735.255,192.278,-12.8128,9.73087,-0.169983,16.0899
5600,364.555,88.0199,735.285,224.513,350.831,97.9332,736.133,194.707,-13.7233,9.91331,0.847839,16.9506
5700,370.813,88.0177,734.908,226.77,356.207,97.8144,736.988,197.638,-14.6068,9.79669,2.07965,17.7104
5800,377.11,88.0258,734.2,229.278,361.66,97.4012,737.809,201.025,-15.4502,9.37543,3.60895,18.4291
5900,383.425,88.0338,733.154,231.582,367.192,96.6937,738.594,205.002,-16.233,8.65988,5.44055,19.186
6000,389.74,88.0308,731.763,233.909,372.801,95.6919,739.337,209.256,-16.9386,7.66111,7.57373,20.0741
6100,396.048,88.0196,730.093,235.082,378.484,94.3959,740.03,213.935,-17.564,6.37631,9.93677,21.1634
6200,402.323,88.011,728.28,235.082,384.239,92.8055,740.668,219.009,-18.0847,4.79447,12.3879,22.4389
6300,408.579,88.0164,726.393,235.788,390.064,90.9208,741.247,224.45,-18.5144,2.90444,14.8536,23.9134
6400,414.872,88.0253,724.453,238.158,395.959,88.7419,741.764,230.231,-18.9132,0.716515,17.3106,25.6492
6500,421.228,88.0257,722.473,240.792,400.025,88.0115,740.361,140.273,-21.2021,-0.0141907,17.8881,27.7402
6600,427.645,88.0197,720.466,243.212,402.696,88.0115,737.466,143.641,-24.9495,-0.00823975,17.0003,30.1908
6700,434.128,88.0164,718.435,245.656,405.387,88.0115,734.464,146.965,-28.7402,-0.00485992,16.0291,32.9079
6800,440.675,88.0187,716.381,248.125,408.12,88.0115,731.376,150.241,-32.5557,-0.0072403,14.995,35.8431
6900,447.289,88.0223,714.303,250.619,410.902,88.0115,728.211,153.471,-36.3876,-0.0107956,13.9076,38.9548
7000,453.969,88.0225,712.203,253.138,413.738,88.0115,724.975,156.655,-40.2317,-0.0110092,12.7714,42.2102
7100,460.734,88.0202,710.15,255.682,416.646,88.0115,721.685,159.784,-44.0888,-0.00870514,11.5356,45.573
7200,467.633,88.0263,708.338,257.993,419.768,88.0115,718.479,162.806,-47.8656,-0.0148087,10.1406,48.928
7300,474.699,88.0429,706.979,260.066,423.228,88.0115,715.514,165.726,-51.4705,-0.031395,8.53491,52.1733
7400,481.904,88.045,706.082,262.679,427.027,88.0115,712.85,168.659,-54.8769,-0.0335236,6.76886,55.2928
7500,489.209,88.0233,705.49,265.054,431.039,88.0115,710.361,171.607,-58.1701,-0.0118027,4.87115,58.3737
7600,496.595,88.0075,705.061,267.45,435.187,88.0115,707.939,174.528,-61.4081,0.0039978,2.87732,61.4755
7700,504.055,88.019,704.722,270.138,439.435,88.0115,705.528,177.409,-64.6201,-0.00752258,0.806396,64.6251
7800,511.586,88.0279,704.425,272.581,443.735,88.0115,703.122,177.409,-67.8513,-0.0163651,-1.30334,67.8638
7900,519.163,87.9285,704.142,273.673,448.053,88.0115,700.721,178.835,-71.1096,0.0830383,-3.42114,71.1919
8000,526.732,87.5929,703.862,273.126,452.43,88.0115,698.297,181.656,-74.3019,0.418602,-5.56506,74.5112
8100,534.278,87.0091,703.582,273.126,456.876,88.0115,695.839,184.436,-77.402,1.0024,-7.74323,77.7948
8200,541.803,86.1777,703.303,273.399,461.391,88.0115,693.345,187.177,-80.4127,1.83376,-9.95862,81.0477
8300,549.306,85.0995,703.025,273.673,465.972,88.0115,690.815,189.878,-83.3341,2.912,-12.2098,84.2742
8400,556.788,83.7751,702.748,274.495,470.619,88.0115,688.25,192.541,-86.1693,4.23641,-14.4982,87.4831
8500,564.248,82.2052,702.474,275.595,475.33,88.0115,685.65,195.166,-88.9177,5.80632,-16.824,90.6814
8600,571.686,80.3906,702.2,276.977,480.105,88.0115,683.014,197.753,-91.5814,7.62093,-19.1858,93.8793
8700,579.103,78.3318,701.927,278.365,484.942,88.0115,680.344,200.303,-94.1609,9.67969,-21.5829,97.0865
8800,586.497,76.0296,701.655,280.321,489.841,88.0115,677.64,202.824,-96.6564,11.9819,-24.0145,100.313
8900,593.871,73.4848,701.384,282.572,494.801,88.0115,674.903,205.336,-99.0704,14.5267,-26.4813,103.572
9000,601.223,70.6979,701.113,284.842,499.816,88.0115,672.135,206.589,-101.408,17.3136,-28.9783,106.878
9100,608.553,67.6698,700.844,287.417,504.84,88.0115,669.362,206.589,-103.713,20.3417,-31.4819,110.279
9200,615.863,64.4012,700.575,290.306,509.864,88.0115,666.589,206.589,-105.999,23.6103,-33.9856,113.79
9300,623.151,60.8927,700.307,293.223,514.901,87.9497,663.809,208.473,-108.25,27.057,-36.4979,117.398
9400,630.417,57.145,700.04,296.466,519.995,87.6113,660.998,211.606,-110.422,30.4663,-39.0421,121.019
9500,637.662,53.1588,699.773,300.045,525.149,86.9785,658.152,215.238,-112.513,33.8197,-41.6209,124.64
9600,644.886,48.9349,699.508,303.668,530.365,86.0515,655.274,219.344,-114.522,37.1166,-44.2339,128.256
9700,652.089,44.4739,699.243,307.334,535.64,84.8301,652.362,223.897,-116.449,40.3563,-46.8806,131.859
9800,659.27,39.7765,698.979,311.355,540.976,83.3145,649.417,228.871,-118.294,43.538,-49.562,135.445
9900,666.549,35.0408,698.745,314.799,546.372,81.5045,646.439,234.238,-120.177,46.4638,-52.3062,139.059
10000,674.444,30.8711,698.611,321.479,551.827,79.4003,643.428,239.973,-122.617,48.5292,-55.1834,142.952
10100,682.71,27.3078,698.456,325.361,557.342,77.0017,640.384,246.048,-125.368,49.6939,-58.0725,146.83
10200,691.56,24.9768,698.294,329.618,562.917,74.3089,637.307,252.441,-128.643,49.3321,-60.9878,150.672
10300,700.774,24.0222,698.122,331.933,568.551,71.3217,634.197,259.125,-132.223,47.2996,-63.9255,154.294
10400,710.034,24.0267,697.945,334.265,574.244,68.0403,631.055,266.081,-135.79,44.0136,-66.89,157.64
10500,719.344,24.0178,697.759,336.613,579.997,64.4646,627.88,273.286,-139.347,40.4468,-69.8795,161.049
10600,728.736,24.029,697.573,339.317,585.808,60.5945,624.672,280.721,-142.928,36.5655,-72.9006,164.56
10700,738.201,24.0271,697.329,341.7,591.68,56.9189,621.436,288.264,-146.521,32.8919,-75.8931,168.256
10800,747.693,24.0261,696.894,341.7,597.614,52.5673,618.168,295.909,-150.078,28.5412,-78.726,171.86
10900,757.17,24.0249,696.262,342.384,603.607,47.8341,614.868,303.917,-153.563,23.8092,-81.3938,175.424
11000,766.69,24.0227,695.523,344.789,609.658,42.8066,611.535,312.093,-157.032,18.7839,-83.988,179.069
11100,776.277,24.0192,694.725,347.211,615.766,37.4848,608.169,320.423,-160.51,13.4655,-86.5555,182.857
11200,785.929,24.0208,693.889,350,621.933,31.8686,604.771,328.896,-163.996,7.84785,-89.1176,186.811
11300,795.648,24.023,693.03,352.459,628.156,25.9582,601.341,337.5,-167.492,1.93524,-91.6892,190.956
11400,805.436,24.0224,692.159,354.935,634.437,19.7535,597.877,346.226,-170.999,-4.26892,-94.2815,195.315
11500,815.292,24.0205,691.281,357.428,640.774,13.2545,594.381,355.065,-174.518,-10.766,-96.8995,199.905
11600,825.218,24.0199,690.396,359.939,647.169,6.46115,590.852,364.009,-178.05,-17.5588,-99.5438,204.741
11700,835.213,24.021,689.502,362.467,653.619,-0.626461,587.29,373.048,-181.594,-24.6475,-102.212,209.836
11800,845.276,24.022,688.591,364.648,660.127,-8.00837,583.697,382.181,-185.149,-32.0304,-104.894,215.195
11900,855.389,24.0234,687.51,367.21,666.695,-15.6846,580.078,391.401,-188.694,-39.708,-107.432,220.735
12000,865.508,24.0385,685.98,369.42,673.323,-23.6551,576.435,400.698,-192.185,-47.6936,-109.545,226.296
12100,875.587,24.0512,683.868,372.015,680.01,-31.9199,572.762,410.061,-195.577,-55.9711,-111.106,231.792
12200,885.619,24.0415,681.263,374.254,686.754,-40.479,569.061,419.499,-198.866,-64.5204,-112.202,237.276
12300,895.578,24.026,678.162,376.506,693.557,-49.3324,565.333,428.994,-202.021,-73.3584,-112.829,242.744
12400,905.425,24.0251,674.531,378.772,700.418,-58.4801,561.578,438.554,-205.007,-82.5051,-112.953,248.18
12500,915.105,24.0395,670.318,381.051,707.339,-67.922,557.798,448.168,-207.766,-91.9616,-112.52,253.544
12600,924.521,24.0565,665.414,383.345,714.32,-77.6583,553.993,457.834,-210.201,-101.715,-111.421,258.737
12700,933.584,24.0613,659.774,385.266,721.36,-87.6889,550.165,467.549,-212.224,-111.75,-109.609,263.707
12800,942.212,24.0547,653.389,387.584,728.46,-98.0138,546.312,477.308,-213.752,-122.068,-107.077,268.433
12900,950.328,24.0484,646.276,389.527,735.619,-108.633,542.435,487.11,-214.709,-132.681,-103.841,272.924
13000,957.859,24.0497,638.466,391.48,742.837,-119.546,538.534,496.951,-215.022,-143.596,-99.9319,277.202
13100,964.744,24.0555,630.006,393.836,750.114,-130.754,534.609,506.83,-214.63,-154.81,-95.397,281.305
13200,970.928,24.0585,620.951,395.81,757.45,-142.256,530.659,516.744,-213.478,-166.315,-90.292,285.283
13300,976.361,24.0568,611.36,397.794,764.844,-154.053,526.685,526.691,-211.517,-178.109,-84.6749,289.193
13400,980.995,24.0537,601.294,399.788,772.297,-166.143,522.688,536.67,-208.698,-190.197,-78.6067,293.102
13500,984.785,24.0532,590.823,401.792,779.808,-178.528,518.666,546.677,-204.978,-202.581,-72.1574,297.089
13600,987.697,24.0551,580.028,403.402,787.377,-191.207,514.62,556.713,-200.32,-215.263,-65.4079,301.238
13700,989.703,24.0569,568.985,405.019,795.003,-204.181,510.55,566.772,-194.699,-228.238,-58.4351,305.639
13800,990.884,24.0504,557.776,406.642,802.685,-217.449,506.45,576.845,-188.199,-241.499,-51.3254,310.443
13900,991.517,24.0298,546.469,408.681,810.418,-231.011,502.319,586.942,-181.099,-255.041,-44.1505,315.898
14000,991.862,24.0088,535.095,410.319,818.204,-244.867,498.154,597.061,-173.658,-268.876,-36.9406,322.205
14100,992.052,24.0139,523.664,412.375,826.041,-259.018,493.958,607.202,-166.011,-283.032,-29.7067,329.468
14200,992.168,24.0264,512.177,414.442,833.93,-273.463,489.729,617.362,-158.237,-297.49,-22.4481,337.703
14300,992.247,24.029,500.633,416.52,841.871,-288.202,485.468,627.541,-150.376,-312.231,-15.1653,346.888
14400,992.311,24.0217,489.035,418.189,849.864,-303.236,481.174,637.738,-142.447,-327.258,-7.86099,357.002
14500,992.366,24.0162,477.383,420.285,857.908,-318.564,476.849,647.953,-134.458,-342.58,-0.53479,368.022
14600,992.414,24.0183,465.677,422.392,866.003,-334.186,472.491,658.183,-126.412,-358.204,6.81387,379.917
14700,992.461,24.0232,453.916,424.085,874.148,-350.103,468.101,668.429,-118.312,-374.126,14.1852,392.644
14800,992.501,24.0243,442.1,426.211,882.346,-366.313,463.68,678.694,-110.155,-390.338,21.5798,406.157
14900,992.39,24.0228,430.233,427.919,890.597,-382.819,459.234,688.977,-101.793,-406.841,29.0009,420.384
15000,991.935,24.0326,418.321,430.064,898.901,-399.618,454.757,699.265,-93.0336,-423.65,36.4363,435.273
15100,991.195,24.0322,406.369,431.788,907.256,-416.712,450.25,709.566,-83.9396,-440.744,43.8805,450.806
15200,990.286,24.0187,394.373,433.952,915.661,-434.1,445.712,719.887,-74.6249,-458.118,51.3384,466.987
15300,989.106,24.0141,382.349,435.691,924.12,-451.782,441.147,730.212,-64.9862,-475.796,58.7982,483.8
15400,987.612,24.0227,370.306,437.438,932.629,-469.758,436.551,740.551,-54.9824,-493.781,66.2451,501.23
15500,985.811,24.0321,358.252,439.63,941.192,-488.029,431.929,750.907,-44.6194,-512.061,73.6772,519.255
15600,983.562,24.0379,346.222,441.392,949.807,-506.595,427.28,761.263,-33.755,-530.632,81.058,537.848
15700,980.927,24.031,334.216,443.161,958.471,-525.454,422.599,771.628,-22.4565,-549.485,88.3833,557
15800,978.084,24.0144,322.202,445.383,967.184,-544.608,417.887,782.002,-10.8997,-568.622,95.6854,576.72
15900,975.112,24.0131,310.164,447.168,975.948,-564.056,413.145,792.392,0.835571,-588.069,102.981,597.018
16000,971.893,24.0246,298.137,448.96,984.765,-583.798,408.378,802.795,12.8721,-607.823,110.242,617.873
16100,968.132,24.0462,286.215,450.759,993.636,-603.835,403.589,813.206,25.5036,-627.881,117.374,639.266
16200,963.627,24.0666,274.507,452.566,1002.56,-624.166,398.777,823.625,38.9339,-648.232,124.271,661.184
16300,958.289,24.0683,263.105,453.926,1011.54,-644.791,393.943,834.051,53.2513,-668.859,130.838,683.613
16400,952.083,24.0566,252.101,455.745,1020.57,-665.711,389.086,844.484,68.4907,-689.767,136.984,706.565
16500,945.007,24.0498,241.583,457.114,1029.66,-686.924,384.206,854.924,84.6539,-710.974,142.623,730.063
16600,937.085,24.0545,231.632,458.488,1038.8,-708.433,379.304,865.371,101.717,-732.487,147.672,754.116
16700,928.362,24.0628,222.316,460.325,1048,-730.235,374.38,875.824,119.634,-754.298,152.063,778.717
16800,918.888,24.0653,213.701,461.709,1057.24,-752.332,369.433,886.282,138.355,-776.397,155.732,803.857
16900,908.722,24.0615,205.848,463.096,1066.54,-774.723,364.464,896.747,157.822,-798.784,158.617,829.532
17000,897.92,24.0576,198.814,464.952,1075.9,-797.408,359.473,907.216,177.978,-821.466,160.659,855.741
17100,886.549,24.0578,192.653,466.349,1085.3,-820.388,354.46,917.691,198.755,-844.446,161.807,882.482
17200,874.68,24.0608,187.409,467.75,1094.76,-843.662,349.425,928.171,220.083,-867.722,162.016,909.741
17300,862.389,24.0627,183.121,469.155,1104.28,-867.23,344.368,938.656,241.887,-891.292,161.248,937.503
17400,849.754,24.0621,179.82,471.036,1113.84,-891.092,339.29,949.146,264.087,-915.154,159.47,965.754
17500,836.853,24.0597,177.524,472.451,1123.46,-915.249,334.188,959.634,286.604,-939.309,156.664,994.478
17600,823.78,24.0481,176.076,474.345,1133.12,-939.7,329.058,970.12,309.342,-963.748,152.982,1023.67
17700,810.606,24.0245,175.134,476.246,1142.83,-964.446,323.898,980.61,332.226,-988.47,148.764,1053.37
17800,797.362,24.0079,174.454,478.154,1152.59,-989.485,318.707,991.105,355.228,-1013.49,144.254,1083.59
17900,784.057,24.0174,173.912,480.071,1162.39,-1014.82,313.487,1001.6,378.337,-1038.84,139.575,1114.36
18000,770.695,24.0291,173.437,481.995,1172.24,-1040.45,308.237,1012.11,401.55,-1064.48,134.8,1145.65
18100,757.276,24.0286,172.992,483.927,1182.14,-1066.37,302.957,1022.61,424.865,-1090.4,129.966,1177.44
18200,743.803,24.0202,172.561,485.866,1192.08,-1092.59,297.648,1033.12,448.281,-1116.61,125.087,1209.72
18300,730.273,24.0169,172.23,487.814,1202.08,-1119.1,292.313,1043.64,471.802,-1143.12,120.083,1242.47
